time,price
2026-03-04T12:15:00+00:00,89.66
2026-03-04T12:15:01+00:00,89.66
2026-03-04T12:15:02+00:00,89.63
2026-03-04T12:15:03+00:00,89.63
2026-03-04T12:15:04+00:00,89.66
2026-03-04T12:15:05+00:00,89.66
2026-03-04T12:15:06+00:00,89.65
2026-03-04T12:15:07+00:00,89.65
2026-03-04T12:15:08+00:00,89.66
2026-03-04T12:15:09+00:00,89.66
2026-03-04T12:15:10+00:00,89.65
2026-03-04T12:15:11+00:00,89.66
2026-03-04T12:15:12+00:00,89.66
2026-03-04T12:15:13+00:00,89.66
2026-03-04T12:15:14+00:00,89.65
2026-03-04T12:15:15+00:00,89.65
2026-03-04T12:15:16+00:00,89.66
2026-03-04T12:15:17+00:00,89.66
2026-03-04T12:15:18+00:00,89.65
2026-03-04T12:15:19+00:00,89.65
2026-03-04T12:15:20+00:00,89.65
2026-03-04T12:15:21+00:00,89.65
2026-03-04T12:15:22+00:00,89.65
2026-03-04T12:15:23+00:00,89.65
2026-03-04T12:15:24+00:00,89.65
2026-03-04T12:15:25+00:00,89.65
2026-03-04T12:15:26+00:00,89.66
2026-03-04T12:15:27+00:00,89.65
2026-03-04T12:15:28+00:00,89.65
2026-03-04T12:15:29+00:00,89.66
2026-03-04T12:15:30+00:00,89.66
2026-03-04T12:15:31+00:00,89.66
2026-03-04T12:15:32+00:00,89.67
2026-03-04T12:15:33+00:00,89.69
2026-03-04T12:15:34+00:00,89.7
2026-03-04T12:15:35+00:00,89.7
2026-03-04T12:15:36+00:00,89.69
2026-03-04T12:15:37+00:00,89.67
2026-03-04T12:15:39+00:00,89.67
2026-03-04T12:15:40+00:00,89.67
2026-03-04T12:15:41+00:00,89.67
2026-03-04T12:15:42+00:00,89.65
2026-03-04T12:15:44+00:00,89.68
2026-03-04T12:15:45+00:00,89.68
2026-03-04T12:15:46+00:00,89.67
2026-03-04T12:15:47+00:00,89.67
2026-03-04T12:15:48+00:00,89.68
2026-03-04T12:15:49+00:00,89.68
2026-03-04T12:15:50+00:00,89.68
2026-03-04T12:15:51+00:00,89.68
2026-03-04T12:15:52+00:00,89.68
2026-03-04T12:15:53+00:00,89.68
2026-03-04T12:15:54+00:00,89.68
2026-03-04T12:15:55+00:00,89.67
2026-03-04T12:15:56+00:00,89.67
2026-03-04T12:15:57+00:00,89.65
2026-03-04T12:15:58+00:00,89.65
2026-03-04T12:15:59+00:00,89.65
2026-03-04T12:16:00+00:00,89.65
2026-03-04T12:16:01+00:00,89.65
2026-03-04T12:16:02+00:00,89.64
2026-03-04T12:16:03+00:00,89.64
2026-03-04T12:16:04+00:00,89.63
2026-03-04T12:16:05+00:00,89.63
2026-03-04T12:16:06+00:00,89.61
2026-03-04T12:16:07+00:00,89.61
2026-03-04T12:16:08+00:00,89.61
2026-03-04T12:16:09+00:00,89.61
2026-03-04T12:16:10+00:00,89.62
2026-03-04T12:16:11+00:00,89.62
2026-03-04T12:16:12+00:00,89.62
2026-03-04T12:16:13+00:00,89.62
2026-03-04T12:16:14+00:00,89.62
2026-03-04T12:16:15+00:00,89.6
2026-03-04T12:16:16+00:00,89.58
2026-03-04T12:16:17+00:00,89.57
2026-03-04T12:16:18+00:00,89.58
2026-03-04T12:16:19+00:00,89.58
2026-03-04T12:16:20+00:00,89.59
2026-03-04T12:16:21+00:00,89.59
2026-03-04T12:16:22+00:00,89.58
2026-03-04T12:16:23+00:00,89.59
2026-03-04T12:16:24+00:00,89.6
2026-03-04T12:16:25+00:00,89.6
2026-03-04T12:16:26+00:00,89.6
2026-03-04T12:16:27+00:00,89.6
2026-03-04T12:16:28+00:00,89.6
2026-03-04T12:16:29+00:00,89.65
2026-03-04T12:16:30+00:00,89.65
2026-03-04T12:16:31+00:00,89.66
2026-03-04T12:16:32+00:00,89.66
2026-03-04T12:16:33+00:00,89.65
2026-03-04T12:16:34+00:00,89.66
2026-03-04T12:16:35+00:00,89.65
2026-03-04T12:16:36+00:00,89.65
2026-03-04T12:16:37+00:00,89.64
2026-03-04T12:16:38+00:00,89.67
2026-03-04T12:16:39+00:00,89.66
2026-03-04T12:16:40+00:00,89.66
2026-03-04T12:16:41+00:00,89.65
2026-03-04T12:16:42+00:00,89.65
2026-03-04T12:16:43+00:00,89.65
2026-03-04T12:16:44+00:00,89.64
2026-03-04T12:16:46+00:00,89.62
2026-03-04T12:16:47+00:00,89.56
2026-03-04T12:16:48+00:00,89.57
2026-03-04T12:16:49+00:00,89.57
2026-03-04T12:16:50+00:00,89.57
2026-03-04T12:16:51+00:00,89.57
2026-03-04T12:16:52+00:00,89.56
2026-03-04T12:16:53+00:00,89.57
2026-03-04T12:16:54+00:00,89.57
2026-03-04T12:16:55+00:00,89.56
2026-03-04T12:16:57+00:00,89.55
2026-03-04T12:16:58+00:00,89.53
2026-03-04T12:16:59+00:00,89.52
2026-03-04T12:17:00+00:00,89.52
2026-03-04T12:17:02+00:00,89.51
2026-03-04T12:17:03+00:00,89.51
2026-03-04T12:17:04+00:00,89.5
2026-03-04T12:17:05+00:00,89.51
2026-03-04T12:17:06+00:00,89.5
2026-03-04T12:17:07+00:00,89.5
2026-03-04T12:17:08+00:00,89.49
2026-03-04T12:17:09+00:00,89.49
2026-03-04T12:17:10+00:00,89.5
2026-03-04T12:17:11+00:00,89.5
2026-03-04T12:17:12+00:00,89.5
2026-03-04T12:17:13+00:00,89.5
2026-03-04T12:17:14+00:00,89.5
2026-03-04T12:17:15+00:00,89.5
2026-03-04T12:17:16+00:00,89.48
2026-03-04T12:17:17+00:00,89.48
2026-03-04T12:17:18+00:00,89.47
2026-03-04T12:17:19+00:00,89.47
2026-03-04T12:17:20+00:00,89.47
2026-03-04T12:17:21+00:00,89.47
2026-03-04T12:17:22+00:00,89.45
2026-03-04T12:17:23+00:00,89.45
2026-03-04T12:17:24+00:00,89.43
2026-03-04T12:17:25+00:00,89.43
2026-03-04T12:17:26+00:00,89.44
2026-03-04T12:17:27+00:00,89.44
2026-03-04T12:17:28+00:00,89.46
2026-03-04T12:17:29+00:00,89.45
2026-03-04T12:17:30+00:00,89.44
2026-03-04T12:17:31+00:00,89.44
2026-03-04T12:17:32+00:00,89.47
2026-03-04T12:17:33+00:00,89.46
2026-03-04T12:17:34+00:00,89.47
2026-03-04T12:17:35+00:00,89.48
2026-03-04T12:17:36+00:00,89.48
2026-03-04T12:17:37+00:00,89.48
2026-03-04T12:17:38+00:00,89.49
2026-03-04T12:17:39+00:00,89.49
2026-03-04T12:17:40+00:00,89.48
2026-03-04T12:17:41+00:00,89.47
2026-03-04T12:17:42+00:00,89.47
2026-03-04T12:17:43+00:00,89.46
2026-03-04T12:17:44+00:00,89.45
2026-03-04T12:17:45+00:00,89.42
2026-03-04T12:17:46+00:00,89.42
2026-03-04T12:17:47+00:00,89.42
2026-03-04T12:17:48+00:00,89.43
2026-03-04T12:17:49+00:00,89.38
2026-03-04T12:17:50+00:00,89.38
2026-03-04T12:17:51+00:00,89.37
2026-03-04T12:17:52+00:00,89.38
2026-03-04T12:17:53+00:00,89.37
2026-03-04T12:17:54+00:00,89.38
2026-03-04T12:17:55+00:00,89.38
2026-03-04T12:17:56+00:00,89.37
2026-03-04T12:17:57+00:00,89.37
2026-03-04T12:17:58+00:00,89.36
2026-03-04T12:17:59+00:00,89.36
2026-03-04T12:18:00+00:00,89.36
2026-03-04T12:18:01+00:00,89.36
2026-03-04T12:18:02+00:00,89.37
2026-03-04T12:18:03+00:00,89.38
2026-03-04T12:18:04+00:00,89.39
2026-03-04T12:18:05+00:00,89.39
2026-03-04T12:18:06+00:00,89.39
2026-03-04T12:18:07+00:00,89.38
2026-03-04T12:18:08+00:00,89.37
2026-03-04T12:18:09+00:00,89.37
2026-03-04T12:18:10+00:00,89.35
2026-03-04T12:18:11+00:00,89.35
2026-03-04T12:18:12+00:00,89.31
2026-03-04T12:18:13+00:00,89.31
2026-03-04T12:18:14+00:00,89.32
2026-03-04T12:18:15+00:00,89.32
2026-03-04T12:18:16+00:00,89.34
2026-03-04T12:18:17+00:00,89.34
2026-03-04T12:18:18+00:00,89.35
2026-03-04T12:18:19+00:00,89.34
2026-03-04T12:18:20+00:00,89.34
2026-03-04T12:18:21+00:00,89.34
2026-03-04T12:18:22+00:00,89.33
2026-03-04T12:18:23+00:00,89.33
2026-03-04T12:18:24+00:00,89.32
2026-03-04T12:18:25+00:00,89.33
2026-03-04T12:18:26+00:00,89.32
2026-03-04T12:18:27+00:00,89.31
2026-03-04T12:18:28+00:00,89.29
2026-03-04T12:18:29+00:00,89.29
2026-03-04T12:18:30+00:00,89.28
2026-03-04T12:18:31+00:00,89.29
2026-03-04T12:18:32+00:00,89.28
2026-03-04T12:18:33+00:00,89.27
2026-03-04T12:18:34+00:00,89.27
2026-03-04T12:18:35+00:00,89.26
2026-03-04T12:18:36+00:00,89.25
2026-03-04T12:18:37+00:00,89.25
2026-03-04T12:18:38+00:00,89.25
2026-03-04T12:18:39+00:00,89.25
2026-03-04T12:18:40+00:00,89.25
2026-03-04T12:18:41+00:00,89.21
2026-03-04T12:18:42+00:00,89.25
2026-03-04T12:18:43+00:00,89.26
2026-03-04T12:18:44+00:00,89.28
2026-03-04T12:18:45+00:00,89.27
2026-03-04T12:18:46+00:00,89.28
2026-03-04T12:18:47+00:00,89.28
2026-03-04T12:18:48+00:00,89.3
2026-03-04T12:18:49+00:00,89.3
2026-03-04T12:18:50+00:00,89.3
2026-03-04T12:18:51+00:00,89.3
2026-03-04T12:18:52+00:00,89.3
2026-03-04T12:18:53+00:00,89.3
2026-03-04T12:18:54+00:00,89.3
2026-03-04T12:18:55+00:00,89.3
2026-03-04T12:18:56+00:00,89.29
2026-03-04T12:18:57+00:00,89.29
2026-03-04T12:18:58+00:00,89.29
2026-03-04T12:18:59+00:00,89.29
2026-03-04T12:19:00+00:00,89.3
2026-03-04T12:19:01+00:00,89.29
2026-03-04T12:19:02+00:00,89.29
2026-03-04T12:19:03+00:00,89.28
2026-03-04T12:19:04+00:00,89.28
2026-03-04T12:19:05+00:00,89.27
2026-03-04T12:19:06+00:00,89.24
2026-03-04T12:19:07+00:00,89.24
2026-03-04T12:19:08+00:00,89.22
2026-03-04T12:19:09+00:00,89.22
2026-03-04T12:19:10+00:00,89.23
2026-03-04T12:19:11+00:00,89.24
2026-03-04T12:19:12+00:00,89.25
2026-03-04T12:19:13+00:00,89.26
2026-03-04T12:19:14+00:00,89.27
2026-03-04T12:19:15+00:00,89.28
2026-03-04T12:19:16+00:00,89.27
2026-03-04T12:19:17+00:00,89.28
2026-03-04T12:19:18+00:00,89.28
2026-03-04T12:19:19+00:00,89.28
2026-03-04T12:19:20+00:00,89.28
2026-03-04T12:19:21+00:00,89.29
2026-03-04T12:19:22+00:00,89.29
2026-03-04T12:19:23+00:00,89.29
2026-03-04T12:19:24+00:00,89.28
2026-03-04T12:19:25+00:00,89.26
2026-03-04T12:19:26+00:00,89.27
2026-03-04T12:19:27+00:00,89.27
2026-03-04T12:19:28+00:00,89.27
2026-03-04T12:19:29+00:00,89.27
2026-03-04T12:19:30+00:00,89.27
2026-03-04T12:19:31+00:00,89.27
2026-03-04T12:19:32+00:00,89.28
2026-03-04T12:19:33+00:00,89.28
2026-03-04T12:19:34+00:00,89.29
2026-03-04T12:19:35+00:00,89.28
2026-03-04T12:19:36+00:00,89.28
2026-03-04T12:19:37+00:00,89.28
2026-03-04T12:19:38+00:00,89.28
2026-03-04T12:19:39+00:00,89.3
2026-03-04T12:19:40+00:00,89.3
2026-03-04T12:19:41+00:00,89.29
2026-03-04T12:19:42+00:00,89.31
2026-03-04T12:19:43+00:00,89.31
2026-03-04T12:19:44+00:00,89.32
2026-03-04T12:19:45+00:00,89.33
2026-03-04T12:19:46+00:00,89.32
2026-03-04T12:19:47+00:00,89.32
2026-03-04T12:19:48+00:00,89.32
2026-03-04T12:19:49+00:00,89.32
2026-03-04T12:19:50+00:00,89.32
2026-03-04T12:19:51+00:00,89.32
2026-03-04T12:19:52+00:00,89.33
2026-03-04T12:19:54+00:00,89.33
2026-03-04T12:19:55+00:00,89.33
2026-03-04T12:19:56+00:00,89.33
2026-03-04T12:19:57+00:00,89.33
2026-03-04T12:19:58+00:00,89.32
2026-03-04T12:19:59+00:00,89.33
2026-03-04T12:20:00+00:00,89.33
2026-03-04T12:20:01+00:00,89.32
2026-03-04T12:20:02+00:00,89.32
2026-03-04T12:20:03+00:00,89.32
2026-03-04T12:20:04+00:00,89.32
2026-03-04T12:20:05+00:00,89.31
2026-03-04T12:20:06+00:00,89.3
2026-03-04T12:20:07+00:00,89.3
2026-03-04T12:20:08+00:00,89.3
2026-03-04T12:20:09+00:00,89.29
2026-03-04T12:20:10+00:00,89.29
2026-03-04T12:20:11+00:00,89.29
2026-03-04T12:20:12+00:00,89.29
2026-03-04T12:20:13+00:00,89.29
2026-03-04T12:20:14+00:00,89.29
2026-03-04T12:20:15+00:00,89.29
2026-03-04T12:20:16+00:00,89.29
2026-03-04T12:20:17+00:00,89.28
2026-03-04T12:20:18+00:00,89.27
2026-03-04T12:20:19+00:00,89.26
2026-03-04T12:20:20+00:00,89.26
2026-03-04T12:20:21+00:00,89.26
2026-03-04T12:20:22+00:00,89.26
2026-03-04T12:20:23+00:00,89.27
2026-03-04T12:20:24+00:00,89.28
2026-03-04T12:20:25+00:00,89.28
2026-03-04T12:20:26+00:00,89.28
2026-03-04T12:20:27+00:00,89.29
2026-03-04T12:20:28+00:00,89.29
2026-03-04T12:20:29+00:00,89.29
2026-03-04T12:20:30+00:00,89.29
2026-03-04T12:20:31+00:00,89.28
2026-03-04T12:20:32+00:00,89.28
2026-03-04T12:20:33+00:00,89.28
2026-03-04T12:20:34+00:00,89.28
2026-03-04T12:20:35+00:00,89.28
2026-03-04T12:20:36+00:00,89.29
2026-03-04T12:20:37+00:00,89.28
2026-03-04T12:20:38+00:00,89.28
2026-03-04T12:20:39+00:00,89.28
2026-03-04T12:20:40+00:00,89.28
2026-03-04T12:20:41+00:00,89.28
2026-03-04T12:20:42+00:00,89.29
2026-03-04T12:20:43+00:00,89.29
2026-03-04T12:20:44+00:00,89.29
2026-03-04T12:20:45+00:00,89.29
2026-03-04T12:20:46+00:00,89.28
2026-03-04T12:20:47+00:00,89.27
2026-03-04T12:20:48+00:00,89.27
2026-03-04T12:20:49+00:00,89.28
2026-03-04T12:20:51+00:00,89.27
2026-03-04T12:20:52+00:00,89.28
2026-03-04T12:20:53+00:00,89.27
2026-03-04T12:20:54+00:00,89.22
2026-03-04T12:20:55+00:00,89.22
2026-03-04T12:20:56+00:00,89.23
2026-03-04T12:20:57+00:00,89.23
2026-03-04T12:20:58+00:00,89.24
2026-03-04T12:20:59+00:00,89.23
2026-03-04T12:21:00+00:00,89.23
2026-03-04T12:21:01+00:00,89.23
2026-03-04T12:21:02+00:00,89.25
2026-03-04T12:21:03+00:00,89.25
2026-03-04T12:21:04+00:00,89.27
2026-03-04T12:21:05+00:00,89.27
2026-03-04T12:21:06+00:00,89.28
2026-03-04T12:21:07+00:00,89.28
2026-03-04T12:21:08+00:00,89.27
2026-03-04T12:21:09+00:00,89.26
2026-03-04T12:21:10+00:00,89.26
2026-03-04T12:21:11+00:00,89.24
2026-03-04T12:21:12+00:00,89.23
2026-03-04T12:21:13+00:00,89.23
2026-03-04T12:21:14+00:00,89.23
2026-03-04T12:21:15+00:00,89.22
2026-03-04T12:21:16+00:00,89.22
2026-03-04T12:21:17+00:00,89.23
2026-03-04T12:21:18+00:00,89.24
2026-03-04T12:21:19+00:00,89.23
2026-03-04T12:21:21+00:00,89.24
2026-03-04T12:21:22+00:00,89.26
2026-03-04T12:21:23+00:00,89.26
2026-03-04T12:21:24+00:00,89.27
2026-03-04T12:21:25+00:00,89.27
2026-03-04T12:21:26+00:00,89.27
2026-03-04T12:21:27+00:00,89.27
2026-03-04T12:21:28+00:00,89.26
2026-03-04T12:21:29+00:00,89.27
2026-03-04T12:21:30+00:00,89.26
2026-03-04T12:21:31+00:00,89.26
2026-03-04T12:21:32+00:00,89.26
2026-03-04T12:21:33+00:00,89.27
2026-03-04T12:21:34+00:00,89.26
2026-03-04T12:21:35+00:00,89.27
2026-03-04T12:21:37+00:00,89.27
2026-03-04T12:21:38+00:00,89.28
2026-03-04T12:21:39+00:00,89.27
2026-03-04T12:21:40+00:00,89.27
2026-03-04T12:21:41+00:00,89.27
2026-03-04T12:21:42+00:00,89.26
2026-03-04T12:21:43+00:00,89.26
2026-03-04T12:21:44+00:00,89.27
2026-03-04T12:21:45+00:00,89.26
2026-03-04T12:21:46+00:00,89.27
2026-03-04T12:21:47+00:00,89.27
2026-03-04T12:21:48+00:00,89.26
2026-03-04T12:21:49+00:00,89.27
2026-03-04T12:21:50+00:00,89.28
2026-03-04T12:21:51+00:00,89.3
2026-03-04T12:21:52+00:00,89.3
2026-03-04T12:21:55+00:00,89.29
2026-03-04T12:21:56+00:00,89.29
2026-03-04T12:21:57+00:00,89.29
2026-03-04T12:21:58+00:00,89.27
2026-03-04T12:21:59+00:00,89.26
2026-03-04T12:22:00+00:00,89.26
2026-03-04T12:22:01+00:00,89.28
2026-03-04T12:22:02+00:00,89.28
2026-03-04T12:22:03+00:00,89.28
2026-03-04T12:22:04+00:00,89.28
2026-03-04T12:22:05+00:00,89.26
2026-03-04T12:22:06+00:00,89.25
2026-03-04T12:22:07+00:00,89.27
2026-03-04T12:22:08+00:00,89.28
2026-03-04T12:22:09+00:00,89.27
2026-03-04T12:22:10+00:00,89.3
2026-03-04T12:22:11+00:00,89.29
2026-03-04T12:22:12+00:00,89.3
2026-03-04T12:22:13+00:00,89.3
2026-03-04T12:22:14+00:00,89.3
2026-03-04T12:22:15+00:00,89.32
2026-03-04T12:22:16+00:00,89.28
2026-03-04T12:22:17+00:00,89.27
2026-03-04T12:22:18+00:00,89.27
2026-03-04T12:22:19+00:00,89.27
2026-03-04T12:22:20+00:00,89.27
2026-03-04T12:22:21+00:00,89.27
2026-03-04T12:22:23+00:00,89.27
2026-03-04T12:22:24+00:00,89.28
2026-03-04T12:22:25+00:00,89.28
2026-03-04T12:22:26+00:00,89.28
2026-03-04T12:22:27+00:00,89.28
2026-03-04T12:22:28+00:00,89.29
2026-03-04T12:22:29+00:00,89.29
2026-03-04T12:22:30+00:00,89.29
2026-03-04T12:22:31+00:00,89.29
2026-03-04T12:22:32+00:00,89.26
2026-03-04T12:22:33+00:00,89.24
2026-03-04T12:22:34+00:00,89.26
2026-03-04T12:22:35+00:00,89.23
2026-03-04T12:22:36+00:00,89.24
2026-03-04T12:22:37+00:00,89.24
2026-03-04T12:22:38+00:00,89.23
2026-03-04T12:22:39+00:00,89.22
2026-03-04T12:22:40+00:00,89.22
2026-03-04T12:22:41+00:00,89.24
2026-03-04T12:22:42+00:00,89.23
2026-03-04T12:22:43+00:00,89.22
2026-03-04T12:22:44+00:00,89.23
2026-03-04T12:22:45+00:00,89.21
2026-03-04T12:22:46+00:00,89.21
2026-03-04T12:22:47+00:00,89.21
2026-03-04T12:22:48+00:00,89.21
2026-03-04T12:22:49+00:00,89.2
2026-03-04T12:22:50+00:00,89.2
2026-03-04T12:22:51+00:00,89.2
2026-03-04T12:22:52+00:00,89.21
2026-03-04T12:22:53+00:00,89.21
2026-03-04T12:22:54+00:00,89.2
2026-03-04T12:22:55+00:00,89.22
2026-03-04T12:22:56+00:00,89.24
2026-03-04T12:22:57+00:00,89.27
2026-03-04T12:22:58+00:00,89.26
2026-03-04T12:22:59+00:00,89.25
2026-03-04T12:23:00+00:00,89.27
2026-03-04T12:23:01+00:00,89.27
2026-03-04T12:23:02+00:00,89.26
2026-03-04T12:23:03+00:00,89.27
2026-03-04T12:23:04+00:00,89.26
2026-03-04T12:23:05+00:00,89.26
2026-03-04T12:23:06+00:00,89.26
2026-03-04T12:23:10+00:00,89.26
2026-03-04T12:23:11+00:00,89.26
2026-03-04T12:23:12+00:00,89.25
2026-03-04T12:23:13+00:00,89.25
2026-03-04T12:23:14+00:00,89.26
2026-03-04T12:23:15+00:00,89.27
2026-03-04T12:23:16+00:00,89.26
2026-03-04T12:23:17+00:00,89.25
2026-03-04T12:23:18+00:00,89.24
2026-03-04T12:23:19+00:00,89.24
2026-03-04T12:23:20+00:00,89.24
2026-03-04T12:23:21+00:00,89.22
2026-03-04T12:23:22+00:00,89.23
2026-03-04T12:23:23+00:00,89.23
2026-03-04T12:23:24+00:00,89.23
2026-03-04T12:23:25+00:00,89.23
2026-03-04T12:23:26+00:00,89.24
2026-03-04T12:23:27+00:00,89.23
2026-03-04T12:23:28+00:00,89.23
2026-03-04T12:23:29+00:00,89.23
2026-03-04T12:23:31+00:00,89.23
2026-03-04T12:23:32+00:00,89.2
2026-03-04T12:23:33+00:00,89.2
2026-03-04T12:23:34+00:00,89.19
2026-03-04T12:23:35+00:00,89.19
2026-03-04T12:23:36+00:00,89.18
2026-03-04T12:23:37+00:00,89.19
2026-03-04T12:23:38+00:00,89.19
2026-03-04T12:23:39+00:00,89.19
2026-03-04T12:23:42+00:00,89.19
2026-03-04T12:23:43+00:00,89.19
2026-03-04T12:23:44+00:00,89.19
2026-03-04T12:23:45+00:00,89.2
2026-03-04T12:23:46+00:00,89.19
2026-03-04T12:23:47+00:00,89.19
2026-03-04T12:23:49+00:00,89.19
2026-03-04T12:23:50+00:00,89.19
2026-03-04T12:23:51+00:00,89.17
2026-03-04T12:23:53+00:00,89.15
2026-03-04T12:23:54+00:00,89.12
2026-03-04T12:23:55+00:00,89.13
2026-03-04T12:23:56+00:00,89.12
2026-03-04T12:23:57+00:00,89.13
2026-03-04T12:23:58+00:00,89.11
2026-03-04T12:23:59+00:00,89.12
2026-03-04T12:24:00+00:00,89.11
2026-03-04T12:24:01+00:00,89.14
2026-03-04T12:24:02+00:00,89.13
2026-03-04T12:24:03+00:00,89.13
2026-03-04T12:24:04+00:00,89.1
2026-03-04T12:24:05+00:00,89.1
2026-03-04T12:24:06+00:00,89.1
2026-03-04T12:24:07+00:00,89.1
2026-03-04T12:24:08+00:00,89.11
2026-03-04T12:24:09+00:00,89.11
2026-03-04T12:24:10+00:00,89.1
2026-03-04T12:24:11+00:00,89.1
2026-03-04T12:24:12+00:00,89.11
2026-03-04T12:24:13+00:00,89.13
2026-03-04T12:24:14+00:00,89.13
2026-03-04T12:24:15+00:00,89.13
2026-03-04T12:24:16+00:00,89.13
2026-03-04T12:24:17+00:00,89.12
2026-03-04T12:24:18+00:00,89.11
2026-03-04T12:24:19+00:00,89.09
2026-03-04T12:24:20+00:00,89.08
2026-03-04T12:24:21+00:00,89.09
2026-03-04T12:24:22+00:00,89.09
2026-03-04T12:24:23+00:00,89.08
2026-03-04T12:24:24+00:00,89.09
2026-03-04T12:24:25+00:00,89.08
2026-03-04T12:24:26+00:00,89.08
2026-03-04T12:24:27+00:00,89.07
2026-03-04T12:24:28+00:00,89.09
2026-03-04T12:24:29+00:00,89.08
2026-03-04T12:24:30+00:00,89.07
2026-03-04T12:24:31+00:00,89.07
2026-03-04T12:24:32+00:00,89.07
2026-03-04T12:24:33+00:00,89.07
2026-03-04T12:24:34+00:00,89.07
2026-03-04T12:24:35+00:00,89.05
2026-03-04T12:24:36+00:00,89.06
2026-03-04T12:24:37+00:00,89.06
2026-03-04T12:24:38+00:00,89.06
2026-03-04T12:24:39+00:00,89.05
2026-03-04T12:24:40+00:00,89.05
2026-03-04T12:24:41+00:00,89.05
2026-03-04T12:24:42+00:00,89.05
2026-03-04T12:24:43+00:00,89.04
2026-03-04T12:24:44+00:00,89.02
2026-03-04T12:24:45+00:00,89.0
2026-03-04T12:24:46+00:00,88.99
2026-03-04T12:24:47+00:00,89.01
2026-03-04T12:24:48+00:00,89.0
2026-03-04T12:24:49+00:00,89.0
2026-03-04T12:24:50+00:00,89.0
2026-03-04T12:24:51+00:00,89.01
2026-03-04T12:24:52+00:00,89.0
2026-03-04T12:24:53+00:00,89.0
2026-03-04T12:24:54+00:00,88.99
2026-03-04T12:24:55+00:00,89.0
2026-03-04T12:24:56+00:00,89.0
2026-03-04T12:24:57+00:00,89.01
2026-03-04T12:24:58+00:00,89.02
2026-03-04T12:24:59+00:00,89.01
2026-03-04T12:25:00+00:00,89.02
2026-03-04T12:25:01+00:00,89.03
2026-03-04T12:25:02+00:00,89.02
2026-03-04T12:25:03+00:00,89.04
2026-03-04T12:25:04+00:00,89.03
2026-03-04T12:25:05+00:00,89.03
2026-03-04T12:25:06+00:00,89.02
2026-03-04T12:25:07+00:00,89.02
2026-03-04T12:25:08+00:00,89.01
2026-03-04T12:25:09+00:00,89.02
2026-03-04T12:25:10+00:00,89.02
2026-03-04T12:25:11+00:00,89.02
2026-03-04T12:25:12+00:00,89.03
2026-03-04T12:25:13+00:00,89.03
2026-03-04T12:25:14+00:00,89.03
2026-03-04T12:25:15+00:00,89.02
2026-03-04T12:25:16+00:00,89.02
2026-03-04T12:25:17+00:00,89.02
2026-03-04T12:25:18+00:00,89.02
2026-03-04T12:25:19+00:00,89.02
2026-03-04T12:25:20+00:00,89.0
2026-03-04T12:25:21+00:00,89.01
2026-03-04T12:25:22+00:00,89.01
2026-03-04T12:25:23+00:00,89.0
2026-03-04T12:25:24+00:00,88.99
2026-03-04T12:25:25+00:00,88.98
2026-03-04T12:25:26+00:00,88.97
2026-03-04T12:25:27+00:00,88.96
2026-03-04T12:25:28+00:00,88.97
2026-03-04T12:25:29+00:00,88.97
2026-03-04T12:25:30+00:00,88.95
2026-03-04T12:25:31+00:00,88.95
2026-03-04T12:25:32+00:00,88.95
2026-03-04T12:25:33+00:00,88.95
2026-03-04T12:25:34+00:00,88.94
2026-03-04T12:25:35+00:00,88.99
2026-03-04T12:25:36+00:00,89.01
2026-03-04T12:25:37+00:00,89.0
2026-03-04T12:25:38+00:00,88.99
2026-03-04T12:25:39+00:00,88.97
2026-03-04T12:25:40+00:00,88.97
2026-03-04T12:25:41+00:00,88.97
2026-03-04T12:25:42+00:00,88.97
2026-03-04T12:25:43+00:00,88.98
2026-03-04T12:25:44+00:00,88.98
2026-03-04T12:25:45+00:00,88.98
2026-03-04T12:25:46+00:00,89.0
2026-03-04T12:25:47+00:00,89.0
2026-03-04T12:25:48+00:00,89.0
2026-03-04T12:25:49+00:00,89.0
2026-03-04T12:25:50+00:00,88.98
2026-03-04T12:25:51+00:00,88.98
2026-03-04T12:25:52+00:00,88.98
2026-03-04T12:25:54+00:00,88.99
2026-03-04T12:25:55+00:00,88.99
2026-03-04T12:25:56+00:00,88.99
2026-03-04T12:25:57+00:00,89.0
2026-03-04T12:25:58+00:00,88.99
2026-03-04T12:25:59+00:00,88.99
2026-03-04T12:26:00+00:00,89.04
2026-03-04T12:26:01+00:00,89.03
2026-03-04T12:26:02+00:00,89.03
2026-03-04T12:26:03+00:00,89.04
2026-03-04T12:26:04+00:00,89.05
2026-03-04T12:26:05+00:00,89.05
2026-03-04T12:26:06+00:00,89.06
2026-03-04T12:26:07+00:00,89.06
2026-03-04T12:26:08+00:00,89.06
2026-03-04T12:26:09+00:00,89.03
2026-03-04T12:26:10+00:00,89.02
2026-03-04T12:26:11+00:00,89.03
2026-03-04T12:26:12+00:00,89.04
2026-03-04T12:26:13+00:00,89.02
2026-03-04T12:26:14+00:00,89.01
2026-03-04T12:26:15+00:00,89.0
2026-03-04T12:26:16+00:00,89.0
2026-03-04T12:26:17+00:00,89.0
2026-03-04T12:26:18+00:00,89.0
2026-03-04T12:26:19+00:00,88.98
2026-03-04T12:26:20+00:00,89.0
2026-03-04T12:26:21+00:00,89.0
2026-03-04T12:26:22+00:00,89.02
2026-03-04T12:26:23+00:00,89.01
2026-03-04T12:26:24+00:00,89.02
2026-03-04T12:26:25+00:00,89.02
2026-03-04T12:26:26+00:00,89.04
2026-03-04T12:26:28+00:00,89.04
2026-03-04T12:26:29+00:00,89.04
2026-03-04T12:26:30+00:00,89.03
2026-03-04T12:26:31+00:00,89.05
2026-03-04T12:26:33+00:00,89.04
2026-03-04T12:26:34+00:00,89.03
2026-03-04T12:26:35+00:00,89.04
2026-03-04T12:26:36+00:00,89.05
2026-03-04T12:26:37+00:00,89.05
2026-03-04T12:26:38+00:00,89.06
2026-03-04T12:26:39+00:00,89.05
2026-03-04T12:26:40+00:00,89.05
2026-03-04T12:26:41+00:00,89.06
2026-03-04T12:26:42+00:00,89.05
2026-03-04T12:26:43+00:00,89.05
2026-03-04T12:26:44+00:00,89.05
2026-03-04T12:26:45+00:00,89.05
2026-03-04T12:26:46+00:00,89.05
2026-03-04T12:26:47+00:00,89.04
2026-03-04T12:26:48+00:00,89.04
2026-03-04T12:26:49+00:00,89.05
2026-03-04T12:26:50+00:00,89.02
2026-03-04T12:26:51+00:00,89.04
2026-03-04T12:26:52+00:00,89.04
2026-03-04T12:26:53+00:00,89.05
2026-03-04T12:26:54+00:00,89.04
2026-03-04T12:26:55+00:00,89.04
2026-03-04T12:26:56+00:00,89.05
2026-03-04T12:26:57+00:00,89.05
2026-03-04T12:26:58+00:00,89.05
2026-03-04T12:26:59+00:00,89.05
2026-03-04T12:27:00+00:00,89.05
2026-03-04T12:27:01+00:00,89.05
2026-03-04T12:27:02+00:00,89.02
2026-03-04T12:27:03+00:00,89.04
2026-03-04T12:27:04+00:00,89.05
2026-03-04T12:27:05+00:00,89.07
2026-03-04T12:27:06+00:00,89.09
2026-03-04T12:27:07+00:00,89.09
2026-03-04T12:27:08+00:00,89.09
2026-03-04T12:27:09+00:00,89.09
2026-03-04T12:27:10+00:00,89.09
2026-03-04T12:27:11+00:00,89.1
2026-03-04T12:27:12+00:00,89.09
2026-03-04T12:27:13+00:00,89.1
2026-03-04T12:27:14+00:00,89.1
2026-03-04T12:27:15+00:00,89.12
2026-03-04T12:27:16+00:00,89.15
2026-03-04T12:27:17+00:00,89.13
2026-03-04T12:27:18+00:00,89.13
2026-03-04T12:27:19+00:00,89.13
2026-03-04T12:27:20+00:00,89.14
2026-03-04T12:27:21+00:00,89.14
2026-03-04T12:27:22+00:00,89.14
2026-03-04T12:27:23+00:00,89.15
2026-03-04T12:27:24+00:00,89.16
2026-03-04T12:27:25+00:00,89.19
2026-03-04T12:27:26+00:00,89.19
2026-03-04T12:27:27+00:00,89.2
2026-03-04T12:27:28+00:00,89.2
2026-03-04T12:27:29+00:00,89.2
2026-03-04T12:27:30+00:00,89.21
2026-03-04T12:27:31+00:00,89.22
2026-03-04T12:27:32+00:00,89.23
2026-03-04T12:27:33+00:00,89.23
2026-03-04T12:27:34+00:00,89.23
2026-03-04T12:27:35+00:00,89.23
2026-03-04T12:27:36+00:00,89.24
2026-03-04T12:27:37+00:00,89.22
2026-03-04T12:27:38+00:00,89.18
2026-03-04T12:27:39+00:00,89.18
2026-03-04T12:27:40+00:00,89.17
2026-03-04T12:27:41+00:00,89.16
2026-03-04T12:27:43+00:00,89.17
2026-03-04T12:27:44+00:00,89.06
2026-03-04T12:27:45+00:00,89.06
2026-03-04T12:27:46+00:00,89.09
2026-03-04T12:27:47+00:00,89.08
2026-03-04T12:27:48+00:00,89.09
2026-03-04T12:27:49+00:00,89.08
2026-03-04T12:27:50+00:00,89.08
2026-03-04T12:27:51+00:00,89.07
2026-03-04T12:27:53+00:00,89.07
2026-03-04T12:27:54+00:00,89.06
2026-03-04T12:27:55+00:00,89.06
2026-03-04T12:27:56+00:00,89.07
2026-03-04T12:27:57+00:00,89.07
2026-03-04T12:27:58+00:00,89.08
2026-03-04T12:27:59+00:00,89.07
2026-03-04T12:28:00+00:00,89.06
2026-03-04T12:28:01+00:00,89.06
2026-03-04T12:28:02+00:00,89.06
2026-03-04T12:28:03+00:00,89.07
2026-03-04T12:28:04+00:00,89.08
2026-03-04T12:28:05+00:00,89.07
2026-03-04T12:28:06+00:00,89.08
2026-03-04T12:28:07+00:00,89.08
2026-03-04T12:28:08+00:00,89.07
2026-03-04T12:28:09+00:00,89.08
2026-03-04T12:28:10+00:00,89.07
2026-03-04T12:28:11+00:00,89.06
2026-03-04T12:28:12+00:00,89.06
2026-03-04T12:28:13+00:00,89.05
2026-03-04T12:28:14+00:00,89.02
2026-03-04T12:28:15+00:00,89.02
2026-03-04T12:28:16+00:00,89.03
2026-03-04T12:28:17+00:00,89.02
2026-03-04T12:28:18+00:00,89.04
2026-03-04T12:28:19+00:00,89.04
2026-03-04T12:28:20+00:00,88.99
2026-03-04T12:28:21+00:00,88.99
2026-03-04T12:28:22+00:00,88.99
2026-03-04T12:28:23+00:00,88.97
2026-03-04T12:28:24+00:00,88.97
2026-03-04T12:28:25+00:00,88.91
2026-03-04T12:28:26+00:00,88.92
2026-03-04T12:28:27+00:00,88.93
2026-03-04T12:28:28+00:00,88.93
2026-03-04T12:28:29+00:00,88.92
2026-03-04T12:28:30+00:00,88.92
2026-03-04T12:28:31+00:00,88.92
2026-03-04T12:28:32+00:00,88.88
2026-03-04T12:28:33+00:00,88.89
2026-03-04T12:28:34+00:00,88.88
2026-03-04T12:28:35+00:00,88.88
2026-03-04T12:28:36+00:00,88.88
2026-03-04T12:28:37+00:00,88.9
2026-03-04T12:28:38+00:00,88.89
2026-03-04T12:28:39+00:00,88.88
2026-03-04T12:28:40+00:00,88.89
2026-03-04T12:28:41+00:00,88.89
2026-03-04T12:28:42+00:00,88.92
2026-03-04T12:28:43+00:00,88.91
2026-03-04T12:28:44+00:00,88.94
2026-03-04T12:28:45+00:00,88.96
2026-03-04T12:28:46+00:00,88.96
2026-03-04T12:28:47+00:00,88.97
2026-03-04T12:28:48+00:00,88.97
2026-03-04T12:28:49+00:00,88.96
2026-03-04T12:28:50+00:00,88.96
2026-03-04T12:28:51+00:00,88.97
2026-03-04T12:28:52+00:00,88.94
2026-03-04T12:28:53+00:00,88.92
2026-03-04T12:28:54+00:00,88.91
2026-03-04T12:28:55+00:00,88.91
2026-03-04T12:28:56+00:00,88.91
2026-03-04T12:28:57+00:00,88.89
2026-03-04T12:28:58+00:00,88.88
2026-03-04T12:28:59+00:00,88.87
2026-03-04T12:29:00+00:00,88.88
2026-03-04T12:29:01+00:00,88.89
2026-03-04T12:29:02+00:00,88.88
2026-03-04T12:29:03+00:00,88.88
2026-03-04T12:29:04+00:00,88.89
2026-03-04T12:29:05+00:00,88.89
2026-03-04T12:29:06+00:00,88.89
2026-03-04T12:29:07+00:00,88.89
2026-03-04T12:29:08+00:00,88.88
2026-03-04T12:29:09+00:00,88.89
2026-03-04T12:29:10+00:00,88.88
2026-03-04T12:29:11+00:00,88.88
2026-03-04T12:29:12+00:00,88.87
2026-03-04T12:29:13+00:00,88.86
2026-03-04T12:29:14+00:00,88.85
2026-03-04T12:29:15+00:00,88.83
2026-03-04T12:29:16+00:00,88.81
2026-03-04T12:29:17+00:00,88.77
2026-03-04T12:29:18+00:00,88.78
2026-03-04T12:29:19+00:00,88.79
2026-03-04T12:29:20+00:00,88.78
2026-03-04T12:29:21+00:00,88.79
2026-03-04T12:29:22+00:00,88.8
2026-03-04T12:29:23+00:00,88.79
2026-03-04T12:29:24+00:00,88.76
2026-03-04T12:29:25+00:00,88.77
2026-03-04T12:29:26+00:00,88.77
2026-03-04T12:29:27+00:00,88.77
2026-03-04T12:29:28+00:00,88.78
2026-03-04T12:29:29+00:00,88.79
2026-03-04T12:29:30+00:00,88.78
2026-03-04T12:29:31+00:00,88.78
2026-03-04T12:29:32+00:00,88.78
2026-03-04T12:29:33+00:00,88.79
2026-03-04T12:29:34+00:00,88.8
2026-03-04T12:29:35+00:00,88.8
2026-03-04T12:29:36+00:00,88.79
2026-03-04T12:29:37+00:00,88.8
2026-03-04T12:29:38+00:00,88.79
2026-03-04T12:29:39+00:00,88.8
2026-03-04T12:29:40+00:00,88.81
2026-03-04T12:29:41+00:00,88.8
2026-03-04T12:29:42+00:00,88.79
2026-03-04T12:29:43+00:00,88.79
2026-03-04T12:29:44+00:00,88.79
2026-03-04T12:29:45+00:00,88.78
2026-03-04T12:29:46+00:00,88.78
2026-03-04T12:29:47+00:00,88.77
2026-03-04T12:29:48+00:00,88.77
2026-03-04T12:29:49+00:00,88.77
2026-03-04T12:29:50+00:00,88.77
2026-03-04T12:29:51+00:00,88.78
2026-03-04T12:29:52+00:00,88.78
2026-03-04T12:29:53+00:00,88.77
2026-03-04T12:29:54+00:00,88.78
2026-03-04T12:29:55+00:00,88.78
2026-03-04T12:29:56+00:00,88.78
2026-03-04T12:29:57+00:00,88.78
2026-03-04T12:29:58+00:00,88.78
2026-03-04T12:29:59+00:00,88.78
